case,bytes,output_hex
0,0,0000000000000000
1,0,0000000000000000
2,0,0000000000000000
3,0,0000000000000000
4,1,6635afb8887e59c5
5,1,defa92c6471358de
6,1,ab8f9fce0834cbe6
7,1,8008349dfde8fb4c
8,2,c41a475a95f4b105
9,2,9415bfcfa9d6b3c8
10,2,c157190fc12dfab8
11,2,2494cd2839e304cf
12,3,1cc029a696725cf1
13,3,c4f1dd872aae1842
14,3,d03a24ff8f297246
15,3,2b51c53824d501c5
16,4,f264a3d0bb583cd5
17,4,35a23b377b5ffaf5
18,4,59cbb89b2ce28d15
19,4,01603c2b2817a705
20,5,bc44a9b3480daab3
21,5,1815a7fe9a1f5440
22,5,a15b9f173228f114
23,5,2b764dd14b89e18a
24,6,1511d3c4df5c18df
25,6,9ddf516ee248ddc4
26,6,e0ab23759092c43a
27,6,dc2adb44f5b172d4
28,7,0e3b8f16d07740da
29,7,65dc071bb44983f1
30,7,d729e234ce1d7c3b
31,7,3258236e9563b625
32,8,48bd59fd75418190
33,8,34cba53c51089c74
34,8,76d68f3577d73661
35,8,0cd94d266a95ee7a
36,9,b1735d5c264a3371
37,9,d7d519991e3d5fac
38,9,1816c71b79ad52d3
39,9,49f748d052359773
40,10,2062508c4eb6b904
41,10,fd50fe2d050c3f9c
42,10,f071598cc1ca8c65
43,10,3b7fb43aa9c0d483
44,11,da4293616c3d2fc0
45,11,aefb9b57e558d3c3
46,11,b9765d06c5d9e592
47,11,6b9bb86046a225d1
48,12,62236de5546ff888
49,12,195ec50e5ba28ce2
50,12,a2059fb471eeb971
51,12,4d1f7c3dff34f566
52,13,d579f08ee38dc201
53,13,12072b760c5d96c4
54,13,a335f39f62bd5eb5
55,13,f8b39f450a7e84cd
56,14,3bde56e8a3471034
57,14,e826d2822324bdd8
58,14,5a79fab1e494270d
59,14,1787db5577f76199
60,15,9f0dd1f38bfc1dca
61,15,de36ab0230a93073
62,15,28c0e2656f6002ee
63,15,639f19196312826a
64,16,8afa479623320e27
65,16,b31dc2ac0b08d21f
66,16,13cf4655fbb01058
67,16,2711d406de497a38
68,17,4d2c831b9c4faba6
69,17,359e14cfae455973
70,17,f16eb0802d39cf48
71,17,41de4feb800af47b
72,18,a19f78b049731402
73,18,2745affa159c1b24
74,18,799a569e574da35a
75,18,440bddc6c0f6e939
76,19,ebe5232bad081c59
77,19,4d0f64733bc9db60
78,19,1dfc345868496012
79,19,2e482a6d7f6a36d1
80,20,de6909da6871a183
81,20,38f4f67c26ef2bb8
82,20,f7bd9107b129f37d
83,20,83698d30e5eebfac
84,21,c79c06aeaf48805d
85,21,07137cf952006c2d
86,21,64d5db8b867db184
87,21,7237b6e5dbfbcc9f
88,22,e8e4348f29bec1e5
89,22,6bc3e614dc34b6ac
90,22,cc47ad70d2e9b9fc
91,22,a7e8390f3802688a
92,23,89375f50aa36796c
93,23,fc054a7abf664150
94,23,e3c05fe4f43dceab
95,23,0edbd99b26961600
96,24,f06c0ddff403d58d
97,24,2d985fee43619efc
98,24,1a57c621cabcc5ac
99,24,ad536ff726673c9e
100,25,fdef9aacd2ca3e78
101,25,f17a3f317016db63
102,25,7e954681a0dbe1a9
103,25,340bf5394b57a117
104,26,9235d9e17c1320fa
105,26,665d25f22cb45537
106,26,c56b3533e6ed41bb
107,26,e38af94674fb5115
108,27,c29221012213cec5
109,27,f3f638b5f816a2ff
110,27,6c4055b511fda07c
111,27,9068a82f0785f536
112,28,5df1d82865376403
113,28,e54a183b620d1783
114,28,fb6e838eb25ad538
115,28,d3a40afa6f103b05
116,29,fee93e47515ad5da
117,29,c22db6f1989ab0dc
118,29,a641c1280411b1b8
119,29,59cdf0a3c721d7b6
120,30,653c71b63a334566
121,30,84dd31c6de999626
122,30,b0aa3eb2ff3aa7fe
123,30,b8a7085a78f67165
124,31,de785a59cacb9917
125,31,0a70eae0268ca97e
126,31,f1ff51ea9d9a87c7
127,31,3a050ab26261f4a5
128,32,4234a3e5eaf2b689
129,32,6898a553a196c988
130,32,ef48237134f6030e
131,32,2bd2a09efa196e50
132,33,9d4f142b08d89f3f
133,33,1f9547808ea0ea4e
134,33,e45940731be81a7c
135,33,d3902f030173e08a
136,34,1abc2bdc4973bee4
137,34,d764ce3b55a6103b
138,34,aed7009dea68b5f4
139,34,25999fc89bc43659
140,35,ac8612ac18f3182e
141,35,254b06404e4d94c8
142,35,7f55081e48fc964b
143,35,122c09b89ddcc458
144,36,5cbf533789f751c7
145,36,44103b612c17e56f
146,36,e57a1e0d27ac8955
147,36,4ce865844a9e80ab
148,37,ab6fd353d5407b65
149,37,6471f1d8443ec8cc
150,37,df2bc3f3711a0f35
151,37,274cde7e48dc63b1
152,38,e1fcefb7daed9115
153,38,48c091d4cabca8f4
154,38,487f98fbe80e0784
155,38,9822e59a19386df5
156,39,8d893e53b849bd13
157,39,2a1f2bdaf6098697
158,39,cb40ada961b3c6d3
159,39,1182a647f232b608
160,40,d38432fd3dd7cf5a
161,40,28efaffb8fcbe2b9
162,40,c7a3955ba32ad542
163,40,ac74732b23949661
164,127,b9e44541315efebe
165,127,6b7b705c88b891e7
166,127,2f7a0742ca8e5fdc
167,127,d454a693e214dd01
168,128,fc772ce83436d0bf
169,128,0bee9922d347ac14
170,128,92232089687c793f
171,128,de354086e4f6be39
172,129,bb147b8d6c70a5cd
173,129,514b925f66561b3a
174,129,0337bb24fbac846f
175,129,c3ace3f175835fc5
176,255,81eac2936bd4e3a2
177,255,3a2c130fa1a109b1
178,255,3fe1d852b4b17213
179,255,9cad8f64712a5640
180,256,54675a7a9c34b849
181,256,f7f94af4a4f7ab11
182,256,1682d943d7c3a940
183,256,dc502537345e387b
184,257,ed8dc481b4883e7f
185,257,76635304edf293d5
186,257,9e59365b39586bdb
187,257,5384a412fe5eeacc
188,511,f009492a295ba775
189,511,8c90ad1e3462234f
190,511,4013d9f2b8f6d147
191,511,0998227fbae2b58c
192,512,364ae668e71b34a9
193,512,6cbd49f4665b7014
194,512,ee3637adfecaca99
195,512,5e40f75f269346a9
196,513,068c352d3f351cdb
197,513,c27e9122fa89e4da
198,513,a9631922707b75f9
199,513,44deba2cd209444d
200,1008,3aca5ad0c038e68f
201,1008,8c2ebe3c0be577cc
202,1008,653fb7090a4042d4
203,1008,bcbb114d333f4adc
204,1009,52bc4d058ba1baf4
205,1009,8312cd24997bfdd9
206,1009,afc09749b546e1d9
207,1009,b3b94c8043233be1
208,1010,10f6e7796a749ed8
209,1010,753064fba26aec4c
210,1010,199c6dff13734472
211,1010,6250614b81412880
212,1011,2088ac2ce995b0a3
213,1011,09d7b7afd15d92d1
214,1011,c7579af9d49092c6
215,1011,865c5605234a5753
216,1012,f8fa023ef0fc4bc6
217,1012,3f3fddd786fcda0b
218,1012,e5910037cc7b4b7a
219,1012,26d144696daa3f6f
220,1013,c46e90df38071316
221,1013,021801140a9858c7
222,1013,adf191651d8dfbde
223,1013,e076329f062ab113
224,1014,8549d40e4d023dd0
225,1014,3bc5bef1c7b38bfe
226,1014,467b7876a9033fb4
227,1014,0c05509bed66cbf4
228,1015,c96a18497546ae67
229,1015,3fc6f00bd717c1cd
230,1015,1452fb37d51dc116
231,1015,deb4d71aa7b6e27e
232,1016,b7f7c70b6ad2020a
233,1016,9efcb112450f4771
234,1016,cdd633877e0bf907
235,1016,f3da72e8d711b6d9
236,1017,71648d6b3866ff07
237,1017,63031f6341e7dfba
238,1017,5e4fdab04c2c64d2
239,1017,1b84f10405259ce9
240,1018,c8de9665613d6557
241,1018,19f34ca466824e40
242,1018,b5cca3b24e2006de
243,1018,af1eccd45d9759e7
244,1019,cbf8edfecdd21bba
245,1019,3ee3c25f042531b2
246,1019,75b9817325c156d7
247,1019,ba6c81326d804bc2
248,1020,2fc7086cf1385107
249,1020,6a7a88cdb5c6842b
250,1020,4e6b6a3b9f578a52
251,1020,9fb2f6af830a2f7b
252,1021,c92d2ebf4f44b098
253,1021,e1bc1d1e3338be7a
254,1021,837545bee60f6c20
255,1021,33ac3efc89ef1213
256,1022,4254687d18fd7172
257,1022,750f4526b041c231
258,1022,a964df0ef1116e9a
259,1022,3cbf768671437447
260,1023,c5735c670f1986a0
261,1023,25c3a8305a6bf906
262,1023,0e878cc03869131f
263,1023,96ffd415f2e87e55
264,1024,d826a8b2d526c39f
265,1024,a5fa5e10416babfa
266,1024,3cb0aba4277314d4
267,1024,f1ace6345be25fc8
268,1025,89573000f8744797
269,1025,0a977cfda1e69268
270,1025,fd7dcd0a0bec5871
271,1025,eeb42aebdd871f2c
272,1026,6144ee8c5955e3e5
273,1026,3cdc26d62d983fc9
274,1026,6140461a6f1cd8ce
275,1026,d98c06cb7d3e3db7
276,1027,41f59d30e8e9b216
277,1027,ebe48933a6f617a0
278,1027,6da63f49c12f30d1
279,1027,4d64811969d79a47
280,1028,116a081794ce2e00
281,1028,e5bde054afcfaab6
282,1028,4904e5e28eac4ad7
283,1028,c1ffc77a59106124
284,1029,124d01bad89aa2d3
285,1029,3d5de2e573c5ebce
286,1029,545fce170200f7d2
287,1029,73c2e8e111b6cf75
288,1030,2db95346527ee3ce
289,1030,a43dacddb8216e08
290,1030,04d995390846923b
291,1030,4b379730376a9930
292,1031,2bcdb59043a72643
293,1031,fb09a76ac39e47e1
294,1031,4333923da39521b7
295,1031,bfd793ca49f4415f
296,1032,e7195d99062ac71f
297,1032,8d44cb5c29adb9d9
298,1032,45b53e21d63c3004
299,1032,6baed2d3f718ce37
300,1033,a2022744c4452953
301,1033,e7d350e36891578b
302,1033,e5964fce25a1decd
303,1033,0a4314860c595621
304,1034,8a8320c8ce190066
305,1034,5f989cd9862094d8
306,1034,7641fa432793cdea
307,1034,8931102cbc317a69
308,1035,5126aa4ccf110370
309,1035,cb2fcc8dea971c91
310,1035,88e08095725635d7
311,1035,89f5fc3384a995cc
312,1036,dbe0e077ae6ce0c5
313,1036,3fd0d181e94bd1dd
314,1036,90c2b64964e4e88e
315,1036,1fd214e980b33891
316,1037,e6c678a060a8f08b
317,1037,cd4df1bac11e8d26
318,1037,104036fcc90e192c
319,1037,60b838c7f170c38f
320,1038,06efc278783b1d4b
321,1038,5730eb2268528425
322,1038,0142aa54f587fd14
323,1038,419dea88e2a9e645
324,1039,1199fc01009e1229
325,1039,17824032189a937c
326,1039,c6744bc6ada19479
327,1039,9d5c72894a4cb3a3
328,1040,998ee21f687e1f95
329,1040,a84fb900742b084d
330,1040,189a9caa298027e7
331,1040,f48d941354b37ee5
332,2032,938484d175fe01d3
333,2032,bbd8d1d9f3a23658
334,2032,fb4f9ade571f181d
335,2032,44dea9201458c441
336,2033,bcd71a6a6ed183f4
337,2033,f4ba5d5dcc691b29
338,2033,2528a8d2056930ed
339,2033,de196845dbfffcd6
340,2034,899993e1a7ad3e7b
341,2034,85f5dfdd04bbbcb1
342,2034,a7cb9cb2b0765e75
343,2034,9eff3742f708ef6f
344,2035,f2915f5d5a262f23
345,2035,bca8fe3668c074ec
346,2035,7e8af1193bb27ce4
347,2035,59b64b9bbb7be21f
348,2036,c2fecf952a144355
349,2036,ff553aab6a8a8569
350,2036,e9448fa8f216e5f7
351,2036,d1fdfbe1202862ef
352,2037,46464daccb834d7f
353,2037,9b6f0bc5039938e4
354,2037,20eb7bdefaf921dd
355,2037,b30c86a7e0e91db2
356,2038,7b8eb3f8ebef2af7
357,2038,2483f2bf711cf147
358,2038,63d1c38d9a83700a
359,2038,598f2d1cd964f4d0
360,2039,2fe2ec69558d7b75
361,2039,729e5315a0a76e31
362,2039,4317e128ee48bf98
363,2039,935ec52bdec84489
364,2040,239ef84cfbe0307c
365,2040,c9ca986496b67517
366,2040,a4ac329cfef6f7a8
367,2040,533a2cf66ce511e8
368,2041,cced44d8f52769c0
369,2041,56bd8d99c2247961
370,2041,717238004369dae3
371,2041,9a05ae230f699128
372,2042,c063a29f4fc30d51
373,2042,06265e079ab5ec95
374,2042,26225086397e0706
375,2042,b3b062cf7d8e0369
376,2043,25d78f9fa35adcee
377,2043,0362f6e7cd1aed75
378,2043,25b741b7e1b6a5e7
379,2043,c16bba353d5254a8
380,2044,2f4d57f4980d2e0d
381,2044,93407542fe1b3664
382,2044,16da848abdcc139e
383,2044,cf0175afd89366e8
384,2045,0b3592ffc842c51b
385,2045,99d034f62e81031a
386,2045,aeb98bb88b775632
387,2045,e52b3710eeb29720
388,2046,108079942481fe61
389,2046,bf8b667ede05b56e
390,2046,d190c44143cf1dff
391,2046,e944c519cdcf4579
392,2047,65455625a1a237ea
393,2047,cbcea8efdc49242c
394,2047,6064c781f010d376
395,2047,e78b59cd44d0c3a7
396,2048,f3c3b48cfdbfdee6
397,2048,a297900a4310513d
398,2048,07be7ed0843522a6
399,2048,738a316d7b02fc84
400,2049,6a1f93715c124b52
401,2049,8fc26cb3fe4fd6c5
402,2049,179ee7154faf0554
403,2049,b12975cc077aff46
404,2050,9471a7eae5799190
405,2050,1209227934303e54
406,2050,3de4d4b952f4e9a0
407,2050,b39a4a8c254efed3
408,2051,f3185b5bb5e9d54b
409,2051,36cf7049268b167a
410,2051,ace388c793ab5a08
411,2051,dbbaf9e5f509e93a
412,2052,c8b6c28fa6ca8c2c
413,2052,abc47cf7c07542b1
414,2052,dbc68140088383b5
415,2052,6c2a02054d1b3656
416,2053,42bd084f46ed4ae7
417,2053,622978bf3cc07b01
418,2053,de0a518aa1d43aa4
419,2053,4ebba8383e920d81
420,2054,231acb2fc969d28d
421,2054,4b90ed81b7d838fa
422,2054,b48ced9593384c74
423,2054,032310186b4715d4
424,2055,6098370bc9775829
425,2055,9b8596d2cadd4604
426,2055,5f63906ca5486bda
427,2055,163169df816d365b
428,2056,a63b844ad610277f
429,2056,a099dcee8efcce14
430,2056,6149a2c98e83a766
431,2056,8acf935290df1543
432,2057,0a6d7d06b2808ef7
433,2057,df3fbf037a7b0d14
434,2057,9f9206de953caf3e
435,2057,3b11863d8e2240ac
436,2058,92da6e53e712c76a
437,2058,32d0640806134988
438,2058,369030c6a4baf459
439,2058,16aa6141d11b2f1a
440,2059,ca5205f734eed018
441,2059,30af4b54081dea38
442,2059,35467fb617175d8c
443,2059,4717765881cb2b41
444,2060,5f75bb9b3c32129a
445,2060,75930ab0d86e4e26
446,2060,9aca9146ac3ab249
447,2060,1a9026e532a1b08b
448,2061,5c9285235bbedc11
449,2061,38b39bffcac9b9f9
450,2061,13e61fa108749afb
451,2061,f180c7b009321bc5
452,2062,093fbe74a9ad9e5b
453,2062,3f595e7cfdcbf9a7
454,2062,e85b6c01d7969063
455,2062,2af8cede52f157f9
456,2063,94eb6c1a78f67c51
457,2063,8b6ccb61009428bc
458,2063,7fab327288194c17
459,2063,7d14b5a84d776732
460,2064,28beb44d1e144937
461,2064,5a9068bfcd9f7d9c
462,2064,4f3399efd0ecc92f
463,2064,dd323e9b31f97d14
464,4095,bf79dc47762aa065
465,4095,439766dcdae7c8e2
466,4095,398938eeda4f5ffb
467,4095,bdb0f54a3ddb8898
468,4096,840bf55c34b72c9b
469,4096,f17151af4b186844
470,4096,915b8ac17d9e5fdc
471,4096,1cc9af8bf4f6a49d
472,4097,1d95f0142f2d3493
473,4097,5bd24f3a10e5179d
474,4097,83ba085b1ed46e6f
475,4097,e1141b7fd4450bd7
476,16384,4f7256cd86b293d3
477,16384,2268c20410488233
478,16384,a8e63988e74230a8
479,16384,23c3730ef0abfd93
480,21832,85088f4c23c71692
481,7852,22d6b35551ec688b
482,20365,6dd1133b48048acb
483,3083,b9a36390d7e4e2f9
484,28201,e9cb649cc29917d4
485,2701,0541c6503e5ffb9c
486,8172,caab043de34c1f0c
487,24270,6835094fdae0b15d
488,24253,082b61efc9a19fff
489,7885,9ad30b4e65d6393c
490,7160,07e8216f19830530
491,32647,628314449704e39a
492,27221,95f6aa7111d02388
493,27271,5504343f5ac7b686
494,8788,f4902fce8af1ff86
495,27068,c12edc3017b74644
496,502,d6e8e20abbd08a21
497,7956,da0f1689bf9a509e
498,1357,2b3637f3b9da0b9e
499,1737,0a5bbc4ee1ace5ab
500,15198,3372341ac86620d1
501,24642,4f8dd0efc8a4e1a7
502,3585,84d3d43312f06436
503,284,51392f05c0755532
504,20613,903f57290578cf19
505,14216,288d94bddd0a64c0
506,13007,60a829355f5f703e
507,2590,79ea59252f7b8eeb
508,14265,023fe4a51c7ef643
509,29736,391977b0185f4d08
510,4827,53addc00032c1a8e
511,17247,66a0f3eb3ce6435f
512,17542,910f51f532a6b4c8
513,25616,e7b70fb3342be874
514,14138,4603013a98141eb6
515,10270,46cdfb89628c1f54
516,1600,5347dde792d6c870
517,8904,8f4b4f3e39e51528
518,18245,efcd0c2a7948d3a6
519,9446,df58e03bc5925f5a
520,19917,0222423344978f85
521,25511,480797ab5d9088d6
522,27017,eea84fc8b7c50598
523,14424,9b466663f342516b
524,31914,f6090a36951f30f2
525,23137,b3175b574de314f7
526,31468,4429d6818b5b64e6
527,27076,5e60cd664a28758f
528,31656,486d4ac7893b9540
529,22753,e59b2a40cc17bbe1
530,17450,b2de142c21546c19
531,21407,6deaaf634bc08748
532,21873,3b3c8e97ef257ad8
533,39,62aad0b9a5a9052d
534,32190,24ce8062dcbf7db3
535,19334,e3bd7b6888f681c9
536,28851,df0f17cc0ec613cc
537,9627,ca66e47d28b8417b
538,7647,6ae9ca2b209a6f26
539,20666,12f3373842512b2b
540,13317,67b35788b604ec7a
541,9657,a609456c49b07a7b
542,1859,9808bfc06b4df849
543,13362,afd8db1267492da9
544,9990,a28221765dd2bd7b
545,23381,f0d521df6e6a6190
546,17195,c83ff543c08ee382
547,11386,a051894513e3d87e
548,12405,b7797e0e15678575
549,29641,213deeb3ff266968
550,19491,d93a5a9c027ce139
551,22804,c5e5d21276ddb326
552,7430,34794bf95f647190
553,31559,8adbb5a3d93ba829
554,10556,7058a2d24ccdd770
555,6743,8cc2150d5d811dd3
556,5284,370b07db0faa57c0
557,947,6b8e64f34b550541
558,13188,3b0d4ad36ac4faa1
559,24151,a29a84970dd1de85
560,19044,25198f45af9cea79
561,823,e3f51de1724c73e6
562,17522,e2db478c4269337d
563,1777,379b6d4021b6426e
564,4088,1e6b720251d0e697
565,16762,f806b123987374f0
566,31031,7312961768986c4c
567,23196,86ec61cbc2756f1b
568,25837,a18b3c3d34071651
569,1280,5ce80d2ed58b5ded
570,1372,09754df3044aff02
571,8094,e465d6b9edb3f1f8
572,8240,c0eb045bc9632ec4
573,14415,b6e81eae3cf835a8
574,18121,91971d3d9fada414
575,1970,3b96628de68748cc
576,27925,0fdb8d6eb824d416
577,8711,cb6e5ea6b2dd3e2e
578,17386,d76105893baaeadb
579,13512,08b698e84ac3160f
580,665,af57329eaf37598e
581,3797,7da72612db909f51
582,18691,f1f47a9c77bbbd3c
583,3197,22a6fe93fac08712
584,18638,4841f695a6c8305b
585,32246,a8cc1a166103c47e
586,8398,e76405b1025bb01f
587,31337,c9a2e8f1a4d95519
588,31592,4aa5f8a8d746383f
589,25155,bf41c531a11fcbf7
590,15753,b852bddb514d6ae5
591,29764,be48795840cb8f2a
592,32165,f347cf82f9876f0a
593,23727,aeec565883abbdfc
594,19219,db13ef681d1f9841
595,19604,3882f75eb6b53d38
596,20338,ed8610f9a05691c7
597,28131,bccd81a47afc3554
598,31352,cde2ac15cfc8859e
599,9198,f335d1525fd8352f
600,11672,e14fa3811f830c8e
601,30508,924298d9385f6445
602,20154,fcca0c3d2314ae16
603,16049,b21784b68dfbd3ed
604,271,4eab4a052612afe9
605,11524,f6c4939d124e9802
606,863,dc967b1da5df78aa
607,14490,da7008fc43c17a0d
